Name,G,AB,H,RBI,Singles,Doubles,Triples,HR,SO,BB
Stacey Davenport,122,325,290,218,26,35,10,219,88,74
Julie Mahoney,101,545,535,19,508,4,1,22,463,451
Amber David,156,508,482,296,42,92,13,335,13,25
Patricia Moreno,157,338,323,24,131,16,61,115,94,93
Chris Morris,124,427,215,177,21,11,0,183,213,56
Holly Mitchell,123,359,192,160,31,1,0,160,143,313
Emma Dominguez,128,381,370,331,10,24,0,336,300,167
Jill Weeks,128,404,233,6,194,1,24,14,90,300
Jacqueline Jones,115,569,486,177,102,3,34,347,431,151
Charles Meyer,126,384,293,195,40,56,1,196,367,327
Rebecca Chavez,139,457,388,382,6,0,0,382,381,30
Deanna Brown,137,320,175,98,12,41,13,109,243,203
Donald Berry,104,358,172,52,68,14,24,66,4,293
Michelle Sherman,146,570,476,15,319,98,28,31,125,15
Paul Bartlett,144,326,288,260,6,6,13,263,312,134
Michelle Figueroa,102,565,133,45,34,16,20,63,448,41
Barry Golden,112,567,223,172,6,11,30,176,248,384
Courtney Green,133,446,177,134,9,8,24,136,312,414
David Reed,143,498,185,94,42,49,0,94,24,417
Misty Parrish,151,312,246,6,216,15,2,13,4,41
Terry Smith,143,463,224,12,175,11,20,18,401,51
Heather Martinez,105,593,113,73,19,10,3,81,439,54
Larry Thomas,143,497,179,31,89,30,8,52,117,474
April Bates,146,389,316,46,33,141,91,51,155,195
Douglas Rice,153,392,315,202,62,0,0,253,228,298
Timothy Chapman,117,408,133,40,60,8,7,58,27,218
Rebecca Lewis,111,451,337,274,2,43,13,279,373,14
Barbara Sharp,101,589,409,104,208,47,46,108,48,426
Ashley Foley,114,397,352,348,4,0,0,348,40,353
Miss Vanessa Newman,117,548,495,212,73,191,6,225,368,336
Curtis Haynes,118,543,337,175,74,5,76,182,31,126
Stephen Andrews,122,493,315,130,7,55,32,221,371,208
Deborah Wilson,125,509,230,17,113,68,17,32,101,444
Melissa Palmer,115,437,302,68,73,52,72,105,96,139
Destiny Flynn,161,429,349,291,2,17,33,297,66,296
Gregory Hall,155,344,131,130,0,1,0,130,208,232
Ian Jenkins,115,508,131,93,14,18,2,97,44,313
James Kim,148,573,287,209,24,36,10,217,143,425
Latasha Hudson,118,397,258,97,36,36,29,157,348,82
Crystal Myers,161,323,222,180,7,11,6,198,316,115
Alexander Lawrence,129,452,160,38,72,7,31,50,347,359
Felicia Holland,116,578,215,123,45,47,0,123,424,476
Anthony Gonzalez,112,368,219,55,4,65,45,105,201,322
Michelle Graham,129,492,150,133,13,0,1,136,176,369
Jose Clark,114,331,210,72,91,41,2,76,192,321
Kayla Wood,121,381,113,79,4,23,0,86,61,302
Mariah Patterson,117,365,250,228,14,0,7,229,308,186
Adam Raymond,144,533,133,112,7,5,6,115,256,163
Jessica Curtis,102,336,241,194,16,14,9,202,234,303
Ashley Hill,151,576,379,349,4,22,0,353,422,296
Jennifer Davis,118,554,445,431,3,2,5,435,459,294
Monica Martin,103,548,149,107,25,2,9,113,446,91
Isaiah Cook,160,600,193,61,4,79,28,82,265,288
Amanda Hill,162,518,286,107,36,84,4,162,151,144
Michelle Thompson,141,387,217,42,35,119,19,44,195,298
Kim Beltran MD,130,467,212,45,7,66,22,117,296,457
Jessica Gordon,158,560,446,2,23,101,281,41,209,544
Dennis Smith,125,421,143,1,26,43,9,65,157,368
Melissa Hood,134,309,165,162,0,1,1,163,216,88
Mrs. Jody Knight,127,576,144,11,100,2,2,40,343,159
Thomas Hicks,148,563,341,216,99,24,1,217,546,104
Brian Davis,105,542,155,120,27,3,4,121,192,424
Renee Lambert,119,402,204,117,78,0,6,120,168,234
Joseph Morris,138,517,199,82,47,32,23,97,249,368
Anita Sullivan,127,406,341,207,8,61,22,250,240,179
Sierra Barrett,100,388,145,141,4,0,0,141,339,379
Zachary Ball,120,453,276,117,30,52,40,154,278,38
Brandy Jenkins,131,394,333,100,59,150,9,115,176,213
Mercedes Munoz,145,505,488,186,226,44,13,205,20,84
Mary Woods,145,421,208,142,3,60,0,145,228,69
Lisa Cox,139,399,392,378,0,13,0,379,107,212
Christopher Rojas,129,499,479,88,152,16,141,170,427,309
Derek Turner,119,310,283,175,83,13,11,176,67,186
Shannon Sullivan,113,511,196,89,48,9,20,119,27,321
Leah Wells,122,491,352,39,269,11,5,67,302,283
Michelle Nichols,126,317,118,68,4,9,26,79,173,114
Amanda Schroeder,103,545,527,250,66,121,64,276,453,422
Kelly May,107,383,233,40,190,0,1,42,118,64
Kimberly Allen,156,404,175,137,3,11,6,155,182,263
Lindsey Rose,155,375,361,69,62,104,108,87,103,323
Michelle Jimenez,121,533,345,198,26,70,44,205,364,527
Amanda Ortiz,125,598,536,401,97,26,4,409,319,61
Mary Campbell,126,597,308,163,137,3,2,166,440,561
Lindsay Lucas,149,364,323,248,27,12,28,256,190,242
Mr. Daniel Weaver DDS,118,481,268,256,2,9,0,257,0,128
Jason Hutchinson,101,478,438,375,12,28,14,384,35,181
Jodi Morse,117,316,210,68,3,20,115,72,54,20
Ronald Henderson,150,542,344,49,221,2,57,64,381,317
Teresa Hopkins,122,525,492,479,9,4,0,479,123,181
Lindsay Perry,108,439,275,268,2,3,0,270,438,262
Alexander Black,110,445,308,270,26,3,0,279,248,229
Ashley French,134,489,398,131,210,23,17,148,409,222
Kimberly Flores,152,336,286,86,133,29,28,96,267,179
Christopher Wilson,105,361,344,204,112,21,2,209,295,177
Matthew Proctor,130,558,294,69,150,74,0,70,407,156
Sharon Walker,114,324,318,159,147,6,3,162,291,259
Angela Dillon,161,507,448,196,153,74,5,216,340,334
Christian Vasquez,135,590,485,460,24,1,0,460,474,514
Michael Hamilton,116,598,460,312,36,55,41,328,303,39
Erin Moore,151,435,348,55,253,11,23,61,206,29
Thomas Wolfe,110,512,499,388,29,31,50,389,48,102
Willie Trevino,134,493,218,153,25,16,7,170,99,325
Vicki Holloway,152,521,521,46,247,21,12,241,409,295
Tracey Smith,155,596,396,197,30,116,49,201,107,85
Michelle Sloan,140,478,348,65,250,27,0,71,325,79
Lisa Patrick,109,581,534,368,164,1,0,369,268,356
Travis Butler,156,402,179,137,39,3,0,137,121,140
Patrick Edwards,111,561,263,183,11,28,27,197,332,476
Charles Rosales,116,319,151,50,13,85,0,53,119,186
Kayla Cooper,149,450,420,227,11,74,53,282,77,275
Stephanie Clark,156,508,149,130,18,0,1,130,402,142
Matthew Oconnor,126,413,286,213,47,5,3,231,305,401
Renee Gillespie,132,410,223,108,26,33,31,133,19,239
Douglas Blair,124,350,247,31,16,83,16,132,320,263
Michelle Miranda,148,387,170,155,8,6,1,155,278,184
Mark Herrera,133,357,108,26,32,3,46,27,288,73
Charles Carson,129,552,382,66,267,15,10,90,361,489
Jay Howard,114,509,429,118,89,152,51,137,272,18
Matthew Atkins,146,358,252,221,8,12,11,221,114,127
Jonathan Bowman,130,524,225,37,89,18,4,114,1,269
Jennifer Morgan,149,497,321,68,235,17,1,68,206,51
Paula Mccarty,111,461,435,350,75,7,0,353,279,173
Jennifer Mitchell,162,442,198,44,28,68,32,70,50,40
Maria Bradley DVM,128,598,104,52,7,8,10,79,17,352
James Perry,161,495,396,39,205,40,28,123,115,327
Charlene Weber,154,436,347,96,87,139,8,113,76,87
Michael Garcia,136,451,137,32,83,8,14,32,343,449
Erik Woodard,127,328,166,23,137,3,2,24,234,111
Lisa Campos,140,331,232,227,0,0,2,230,229,272
Peggy Tyler,128,456,355,211,92,35,14,214,403,295
Darren Reynolds,120,535,183,156,16,5,5,157,53,261
Kristen Pena,129,449,233,189,6,12,1,214,170,16
Adam Boyd,154,590,445,125,250,10,19,166,573,151
Marcus Lloyd,114,544,414,152,226,27,7,154,268,482
Krista Blair,159,450,342,324,10,5,0,327,169,67
Elizabeth Curry,121,301,277,101,39,135,2,101,173,34
Rebecca Landry,158,539,374,218,38,82,24,230,390,106
Jessica Foster,162,524,452,193,184,17,4,247,61,196
Paul Irwin,144,382,354,2,347,1,1,5,150,319
Mrs. Denise Henderson,155,505,215,131,33,12,24,146,286,141
Patricia Williams,119,537,274,129,39,102,4,129,531,313
Cassie Wilson,106,536,251,170,61,11,8,171,398,35
Rebecca Lane,135,351,292,57,86,127,16,63,234,71
Michael Zimmerman,116,487,271,35,89,128,15,39,230,66
Justin Espinoza,111,355,322,317,4,1,0,317,250,210
Jose Nguyen,130,393,264,4,224,7,29,4,367,219
Kristi Hunter,148,401,261,74,60,123,2,76,57,12
Brian Price,113,400,347,46,191,20,56,80,231,398
Gary Smith,124,344,339,11,76,247,3,13,139,55
Christopher Johnson,140,438,122,90,22,0,9,91,78,120
Christopher Williams,160,430,359,187,162,9,0,188,349,407
Robyn Mahoney,139,366,300,108,74,58,16,152,336,207
Cheryl Murphy,126,533,284,258,16,5,2,261,338,84
Tyler Bernard,158,415,173,44,76,8,17,72,233,84
Henry Moore,124,321,112,71,35,0,5,72,220,209
Elizabeth Richards,148,475,110,78,15,3,2,90,299,148
Samantha Ferguson,154,594,591,384,134,0,43,414,403,353
Stacey Juarez,116,515,181,12,96,15,29,41,198,278
Deborah Richardson,133,501,345,26,7,250,18,70,181,182
Craig Lee,106,562,517,438,52,24,3,438,242,348
Christopher Cummings,155,587,226,121,65,28,6,127,310,96
Jessica Williams,128,443,132,115,8,7,0,117,71,188
Teresa Holmes,121,315,161,85,62,12,2,85,155,122
Kyle Nguyen,101,553,185,92,47,4,23,111,13,109
Taylor Moore,160,460,136,122,10,4,0,122,55,367
Cindy Clark,116,350,263,196,43,14,9,197,197,12
Marie Garcia,160,405,260,91,91,56,13,100,250,308
Joseph Brown,122,309,187,54,84,36,1,66,190,131
Lisa Bowen,112,320,299,182,56,1,17,225,156,105
Anna Anderson,103,458,139,116,13,4,4,118,291,95
Rachel Richmond,141,410,153,121,5,3,13,132,230,233
William Gonzalez,134,471,328,61,223,3,17,85,363,6
Andres Mullins,144,347,276,168,92,9,6,169,304,7
Leah Smith,156,582,407,333,44,13,13,337,189,517
David French,145,353,333,146,17,8,146,162,177,314
David Walker,158,432,170,154,2,0,0,168,94,261
William Williams,154,324,150,79,67,4,0,79,104,65
Jason Brady,123,304,110,47,6,14,15,75,213,121
Joshua Mann,102,506,209,85,40,73,4,92,76,275
Amanda Walls,109,548,290,15,257,1,17,15,545,506
Christopher Ward,135,529,254,209,44,1,0,209,181,502
Brandi Salazar,134,365,358,212,86,43,11,218,22,201
Mitchell Jones,160,437,349,150,67,55,24,203,277,160
Austin Costa,137,508,328,262,45,9,6,268,164,444
Loretta Castillo,137,547,464,409,33,17,4,410,117,458
Jose Willis,101,447,201,120,21,29,8,143,191,143
Mark Middleton,135,383,301,69,97,8,99,97,205,181
Amanda Barnes,155,498,421,193,134,16,8,263,79,279
Tracy Johnson,111,558,160,70,54,31,0,75,51,311
Annette Stevens,102,421,247,157,46,16,10,175,352,274
Jeanne Price,147,528,150,117,17,4,3,126,445,29
William Hunt,128,531,466,108,269,40,31,126,150,352
Julie Miller,125,476,204,29,86,20,63,35,297,302
Travis Middleton MD,142,430,187,22,136,11,1,39,238,336
Angela White MD,159,322,224,200,16,0,4,204,240,250
Dana Martin,154,424,307,274,20,2,0,285,142,266
Anna Barnett,150,574,202,108,65,28,0,109,142,295
Joshua Anderson,149,397,327,245,68,14,0,245,53,244
Andrew Caldwell MD,162,324,136,50,82,4,0,50,241,48
Jessica Vega,154,550,521,385,19,86,5,411,117,193
Beth Oneill,153,479,212,70,8,95,28,81,82,220
Thomas Parks,147,366,115,10,75,22,7,11,115,152
Christian Navarro,157,420,275,43,11,157,48,59,392,219
Bradley Salas,143,452,108,31,65,3,8,32,251,112
Donna Crawford,109,493,300,19,251,27,2,20,380,414
Alicia Powell,122,417,355,166,91,52,8,204,413,187
Allen Taylor,114,597,296,235,36,7,2,251,25,502
Beth Stafford,119,323,196,114,17,19,1,159,168,111
Angela Jackson,157,489,268,166,23,5,39,201,317,480
Shane Harvey,148,561,273,70,21,143,31,78,284,498
John Adams,142,472,225,224,0,0,1,224,422,193
Rachael Floyd,145,383,287,2,160,43,23,61,123,330
Richard Martin,162,550,226,209,14,3,0,209,212,392
Lisa Benton,103,555,276,187,49,4,16,207,26,252
Raymond Harmon,133,379,167,104,1,17,1,148,132,207
Mary Mccoy,157,499,207,101,18,13,71,105,403,96
Chloe Hernandez,143,307,163,72,31,4,2,126,174,66
Daniel Knight,104,585,228,154,55,1,18,154,491,293
Sarah Wang,159,519,313,108,128,16,47,122,463,191
Shaun Black,116,369,241,12,186,31,8,16,9,66
Christopher Ward,119,384,288,213,61,4,7,216,109,110
Todd Walters,110,482,126,11,57,55,3,11,137,228
Christopher Black,143,435,259,143,9,76,12,162,112,268
Megan Edwards,122,319,287,278,9,0,0,278,8,191
Tina Avery,126,522,406,241,76,87,0,243,475,410
Brian Perez,144,576,400,34,334,21,10,35,49,212
Lisa Washington,148,513,169,108,50,10,1,108,11,285
Jeremy Kent,132,435,208,12,28,70,38,72,147,230
Kevin Burnett,126,384,128,69,59,0,0,69,152,382
Manuel Murphy,144,561,533,57,121,36,17,359,201,100
Jennifer Doyle,118,537,221,4,180,19,16,6,455,115
Diana Gibson,106,364,137,109,19,4,4,110,264,152
Martha Wallace,134,314,143,73,36,9,24,74,37,245
Shannon Hughes,143,324,200,146,34,0,9,157,256,171
Jennifer Bennett,126,526,495,328,45,39,18,393,486,62
Leslie Perry,124,391,241,231,4,1,3,233,227,386
Kimberly Humphrey,117,389,176,97,27,19,7,123,178,144
Donald Brown,147,482,437,433,1,3,0,433,10,431
Christopher Figueroa,152,510,298,129,154,2,12,130,309,389
Brian Washington,154,477,432,70,27,258,9,138,469,7
Shelly Humphrey,121,421,328,203,13,46,46,223,210,346
Karen Willis,121,337,272,110,4,128,6,134,294,79
Mrs. Ashley Peterson,124,448,172,152,4,2,13,153,90,193
Michael King,106,559,261,118,38,59,16,148,405,457
Theodore Livingston,126,560,119,10,14,73,14,18,275,539
Lisa York,160,442,439,49,60,251,75,53,287,322
Casey Downs,158,462,383,218,105,1,25,252,425,146
Jordan Frey,136,402,121,64,22,5,6,88,99,295
Crystal Kent,101,374,265,117,74,74,0,117,247,244
Rachel Kelly,141,590,560,142,284,125,4,147,69,1
Joyce Mendez,122,552,285,220,24,12,23,226,233,197
Melanie Choi,122,426,106,67,20,4,11,71,73,90
Troy Sanders,134,379,104,27,16,59,2,27,148,293
Maria Richardson,117,379,105,53,36,15,1,53,206,26
Cheyenne Davis,156,551,439,387,34,0,13,392,512,297
Robert Wilson,131,357,176,53,121,2,0,53,65,349
Briana Powell,118,519,351,166,55,104,15,177,391,279
Kathryn Sanchez,102,435,280,16,173,82,6,19,86,268
Sherry Rice,138,460,326,280,25,4,15,282,176,332
Evan Sheppard,137,402,217,110,99,8,0,110,207,138
Kristina Brooks,137,580,436,316,116,1,0,319,177,382
Justin Vazquez,153,337,120,6,68,29,16,7,17,86
Norma Smith,146,305,209,9,175,10,1,23,134,178
Seth Dennis,123,489,141,21,24,59,16,42,297,426
Wesley Williams,161,306,296,50,39,59,33,165,273,113
Samantha Watson,158,410,354,258,40,7,41,266,341,56
George Wood,120,333,105,25,71,3,5,26,57,163
Mary Martinez,128,554,381,177,86,113,5,177,348,490
Taylor Ruiz,108,372,116,47,57,5,3,51,357,204
Richard Fitzgerald,118,357,303,42,33,49,1,220,1,258
Heather Nichols,145,504,397,340,56,0,0,341,446,315
Joshua Williams,112,372,319,195,13,62,47,197,226,324
Rita Simmons,140,377,148,100,20,26,0,102,212,124
Hector Gross,157,490,253,222,27,1,1,224,201,448
Joel Parker,103,506,134,84,13,32,1,88,305,425
Angelica Randall MD,141,329,219,108,30,24,48,117,306,273
Mary Taylor,131,373,220,63,38,113,0,69,272,309
Susan Gould,151,397,149,38,70,24,11,44,392,226
Matthew Rogers,124,328,213,24,120,28,3,62,184,286
Kimberly Swanson,131,423,359,304,1,10,29,319,349,315
Juan Peterson,143,388,135,122,5,3,2,125,229,240
Michael Dudley,158,360,104,20,43,31,5,25,324,247
Elizabeth Arnold,154,366,202,83,65,31,5,101,237,288
William Stevens,130,351,127,13,93,1,9,24,17,318
James Hanna,107,600,542,348,189,5,0,348,387,64
Courtney Patel,116,519,466,425,34,1,0,431,375,210
Mrs. Cassandra Gregory,130,496,369,268,9,65,25,270,8,140
Michael Gray,117,415,395,363,1,9,15,370,45,189
Sandy Williams,104,568,476,251,182,3,7,284,32,69
Sarah Atkinson,101,494,301,175,44,27,40,190,151,389
Phyllis Green,121,465,460,125,15,219,72,154,430,0
Jason Jackson,149,491,252,139,69,28,8,147,431,205
Matthew Jordan,134,315,285,216,52,15,2,216,38,174
Rachael Hernandez,136,351,126,120,1,5,0,120,262,105
Christina Keller,124,581,525,230,282,5,4,234,315,305
Marie Taylor,141,491,155,34,69,12,11,63,137,486
Mitchell Doyle,112,535,427,79,307,17,20,83,67,469
Michael Lee,148,306,244,16,125,75,25,19,43,3
Frank Roberts,119,370,226,2,132,2,34,58,83,306
Fred Terrell,105,600,532,479,1,42,7,482,493,345
Alex Edwards,106,430,420,250,138,15,4,263,11,302
Nancy Smith,106,307,164,86,43,1,29,91,129,196
Jamie Jackson,125,361,215,2,121,75,15,4,231,165
Chad Gordon,145,593,140,140,0,0,0,140,523,442
Michael Brown,102,582,191,124,22,30,8,131,336,87
Rebecca Lane,131,360,224,103,6,69,15,134,15,208
Amy Roach,124,307,306,99,93,75,23,115,230,230
Brian Moore,161,499,367,104,146,43,24,154,431,288
Catherine Russo,121,479,158,136,21,1,0,136,332,413
Michael Chase,119,409,281,67,39,7,60,175,194,156
Rodney Lee,141,391,312,307,2,1,2,307,118,66
Eric Davidson,129,500,353,269,26,57,0,270,52,294
Stephanie Johnson,151,335,101,78,23,0,0,78,111,14
Michael Phelps,104,442,339,35,121,94,14,110,391,85
Lori Yates,161,560,180,48,123,8,0,49,509,77
Mr. Gary Woods,113,316,182,90,16,17,37,112,289,236
Kristina Lane,158,320,172,117,51,3,1,117,108,139
Mrs. Kathleen Vasquez,141,390,342,296,29,10,4,299,47,238
David Hahn,137,485,262,81,161,8,2,91,449,329
Casey Peters,152,577,490,238,190,6,11,283,164,303
Adam Davis,155,415,323,40,179,54,8,82,297,100
Stephen Smith,149,560,243,173,17,32,0,194,310,260
Melissa Bailey,106,409,237,61,133,25,14,65,359,177
Samantha Mora,143,345,109,95,4,3,7,95,262,220
Michael King,118,567,217,53,7,141,5,64,185,72
Hunter Valenzuela,115,568,125,103,7,0,10,108,212,545
Amber Mendoza,162,518,114,76,13,20,2,79,501,493
Denise Mcconnell,145,344,243,177,63,0,2,178,274,205
Claudia Scott,151,300,249,126,14,65,21,149,141,240
Anna Jones,158,549,340,242,78,0,16,246,391,368
Robert Hernandez,107,585,487,436,45,1,5,436,217,71
Christopher Daugherty,140,542,267,41,191,16,5,55,381,508
William Edwards,148,338,170,43,62,34,25,49,217,313
Melanie Brown,161,472,109,49,7,14,8,80,51,35
Janice Pearson,156,517,238,118,15,26,49,148,491,96
Jason Patel,139,396,184,81,101,2,0,81,39,351
Katelyn Jones MD,141,552,250,163,63,19,0,168,300,543
Jason Yang,160,593,188,7,5,160,7,16,34,58
Julie Parks,136,465,330,230,97,2,1,230,374,317
John Medina,142,360,225,84,86,27,27,85,221,132
Wendy Gray,103,461,193,34,157,2,0,34,333,448
Donna Collins,159,513,245,245,0,0,0,245,126,239
Michelle Evans,109,559,510,28,42,228,55,185,388,389
Jessica King,119,493,381,210,109,49,1,222,191,445
Larry Yu,133,526,294,251,37,3,0,254,358,348
John Hudson,121,587,353,346,4,0,1,348,369,193
Shawn Pitts,134,580,576,154,391,11,8,166,390,295
Christopher Cooke,159,564,119,91,16,1,0,102,415,56
Molly Nichols,157,415,156,76,15,19,3,119,266,393
Melody Gibson,139,456,150,145,0,3,0,147,12,107
Daniel Rodgers,159,428,135,72,12,50,0,73,34,159
Kimberly Harrison,148,450,308,219,18,51,17,222,123,170
Ricky Taylor,121,439,434,388,6,31,5,392,260,279
Shawn Gates,150,543,221,96,74,27,0,120,268,280
Jennifer Turner,117,480,443,37,150,211,4,78,338,460
Carla Lewis,122,527,491,423,37,20,1,433,306,383
Troy Chapman,160,541,443,98,28,32,224,159,409,219
Regina Munoz,120,417,355,263,2,74,14,265,215,177
Jack Carrillo,104,537,456,211,228,5,4,219,27,83
Angel Valenzuela,134,338,245,177,8,58,0,179,322,320
Nicholas Knight,110,561,403,307,48,25,7,323,43,119
Kelly Salazar,155,577,146,55,76,1,14,55,180,442
Tonya Ford,146,498,460,171,197,3,80,180,469,330
Christine Fleming,123,306,300,27,25,187,54,34,221,65
Ariel Brown,162,466,142,17,22,84,10,26,201,110
Lisa Robinson,155,513,271,88,83,26,45,117,57,412
Greg Roy,142,475,456,176,145,31,52,228,393,227
Emma Wise,106,403,311,84,48,131,2,130,19,198
Donald Wright,157,513,327,68,191,14,47,75,471,434
Stephanie Morris,138,451,450,232,2,165,28,255,447,363
James Jones,108,587,576,151,109,153,110,204,250,162
Yesenia Mitchell,143,484,292,4,190,14,20,68,417,141
Stacy Mendez,132,380,246,37,118,58,27,43,50,98
Jonathan Webb,157,471,258,193,10,14,4,230,212,442
Matthew Jacobs,128,358,120,58,21,40,0,59,314,302
Douglas Rodgers,112,317,157,157,0,0,0,157,276,258
Bryan Costa,133,387,263,124,12,51,3,197,45,221
William Johnson,143,307,227,218,2,6,1,218,98,278
Michael Nelson,136,428,145,76,69,0,0,76,71,281
Amy Perez,141,310,188,146,27,3,2,156,229,61
Kelly Lee,145,414,399,331,28,40,0,331,197,202
Jessica Flores,147,441,171,28,26,42,34,69,108,266
Teresa Lopez,126,568,544,384,42,87,28,387,247,131
Thomas Conley,112,498,297,170,112,9,4,172,244,450
Kevin Harper,147,503,273,77,6,126,32,109,426,32
David Powell,115,599,263,248,13,2,0,248,542,13
Billy Mills,107,488,166,149,10,3,1,152,258,275
Jessica Estes,116,394,331,16,243,36,29,23,350,332
Teresa Hayes DDS,135,341,193,4,163,11,12,7,190,214
Nancy Yates,116,448,106,13,27,60,2,17,413,406
Bonnie Marshall,127,349,159,51,93,12,0,54,325,31
Andrew Torres,161,406,316,279,5,0,18,293,199,297
Robert Smith,151,437,258,17,216,7,12,23,317,63
Virginia Ford,154,531,531,380,12,112,1,406,253,297
Michael Campbell,108,500,217,174,14,24,3,176,22,389
Cory Smith,162,306,289,72,25,0,191,73,163,269
Chad Smith,132,353,281,20,136,64,25,56,149,192
Katherine Bishop,119,402,134,99,4,23,1,106,258,335
Ricardo Estrada,143,338,101,41,29,2,0,70,194,175
Michael Lynn,128,347,333,93,144,30,9,150,53,108
Melanie Sanchez,162,516,341,144,68,87,33,153,300,260
Alicia Gould,122,464,335,59,94,71,11,159,455,309
Kevin Clark,112,521,182,67,91,24,0,67,252,281
Sharon Gonzales,160,394,213,187,2,6,1,204,287,77
Debra Chavez,107,531,124,76,5,13,24,82,421,316
Andrew Gray,109,484,347,89,128,26,63,130,355,278
John Malone,131,366,193,76,85,14,9,85,217,7
Karen Reeves,155,409,128,76,18,26,6,78,164,150
Ashley Lynn,135,346,293,44,218,16,12,47,127,289
Christian Thomas,123,476,408,1,209,127,21,51,268,334
Jeremy Clark,107,402,122,55,6,58,0,58,194,131
Jacqueline Marshall,109,328,318,280,18,9,6,285,297,139
Joseph Brooks,108,488,415,265,103,24,11,277,289,286
Meghan Hayes,126,509,360,239,116,2,0,242,325,291
Krystal Jones,123,581,453,39,374,11,25,43,569,561
Kathryn Simon,132,357,291,179,74,24,0,193,76,292
Christina Alvarez,125,554,202,19,126,55,0,21,105,170
Suzanne Bush,104,491,360,280,19,48,13,280,487,249
Dustin Thompson,145,549,118,38,34,38,3,43,205,84
Jeffrey Bush,143,390,231,144,30,3,10,188,297,260
Denise Morgan,132,529,108,85,1,19,2,86,495,5
Albert Dixon,153,570,297,284,8,1,4,284,51,19
Kathleen Wallace,141,334,144,24,21,35,40,48,7,250
Robert Ortiz,101,386,125,80,5,24,5,91,288,176
Michelle Reid,115,383,249,95,9,50,94,96,295,331
Kimberly Robinson,135,535,406,36,353,1,12,40,354,219
Christopher Hernandez,150,312,171,163,5,1,2,163,115,208
Michael Weeks,143,507,124,104,14,5,1,104,461,487
Raven Barnett,108,498,170,1,147,9,1,13,322,254
Aaron Hooper,128,551,367,53,307,4,3,53,417,61
John Daniels,117,382,104,98,2,2,1,99,254,179
Sheila Wilson,158,498,314,7,231,51,5,27,313,364
Jacqueline Lopez,161,567,465,250,101,54,25,285,356,421
Justin Mendoza,120,384,133,81,3,49,0,81,8,129
Cynthia Holmes,103,327,135,58,26,14,0,95,9,98
Jacob Downs,144,322,148,107,3,5,12,128,168,163
Amanda Hampton MD,117,351,246,32,174,23,6,43,129,183
Savannah Barton,162,319,128,91,10,3,3,112,271,318
Joseph Garcia MD,137,475,220,40,177,1,2,40,74,285
James Roberts,140,335,116,106,6,4,0,106,161,144
Alfred Wilkinson,118,574,434,108,110,18,14,292,230,50
Katelyn Atkinson,143,455,269,179,76,4,2,187,229,257
Samuel Ross,100,510,494,292,92,89,5,308,233,383
Eric Garcia,109,427,325,286,0,15,1,309,292,386
Veronica Ferrell,114,534,274,235,19,14,6,235,323,515
Joshua Brown,120,573,553,147,207,186,5,155,317,254
James Ware,106,589,534,177,187,20,75,252,472,529
Daniel Harding DDS,159,577,451,82,215,34,61,141,454,397
Colleen Mcdaniel,136,313,138,80,13,11,23,91,154,14
Luke Becker,162,578,329,29,137,84,56,52,546,2
William Smith,111,558,105,40,59,2,3,41,109,252
Raymond Williams,116,458,249,0,63,80,72,34,289,48
Steven Gallagher,121,594,399,330,46,18,3,332,84,451
Denise Colon,106,529,516,430,75,6,5,430,286,201
Jackie Bennett,150,423,138,62,23,35,11,69,5,159
Mr. Ricky Wallace,115,582,395,132,77,173,7,138,74,131
Cody Thornton,114,438,225,161,34,6,9,176,170,421
Jennifer Murray,128,322,105,59,1,20,13,71,119,43
Cynthia Fletcher,147,520,286,33,232,9,1,44,172,196
Rhonda Scott,149,589,135,75,10,9,39,77,207,14
Patricia Newman,134,594,490,391,16,31,39,404,473,385
Tyler White,127,524,452,445,5,1,1,445,373,121
Joanne Fox,125,381,256,20,58,17,132,49,326,6
Ariana Adams,101,430,406,396,1,1,0,404,393,115
Holly Stokes,117,536,213,4,178,26,3,6,40,196
Lisa Chambers,153,597,272,17,55,62,1,154,596,80
Emily Washington,122,333,328,186,74,52,0,202,174,310
Benjamin Townsend,122,597,142,62,49,11,19,63,340,99
Maria Franklin,129,471,459,148,260,39,3,157,232,328
Jason Weaver,130,406,134,47,71,4,10,49,247,31
Joshua Walters,132,564,176,51,9,113,1,53,95,185
John Velez,104,409,139,34,92,10,0,37,11,20
Jenna Romero,128,314,301,148,0,136,14,151,187,216
Christopher Saunders,109,373,101,47,26,6,14,55,197,86
Alexis Sharp,160,468,412,198,80,80,27,225,225,222
Michelle Miller,104,590,147,30,108,5,2,32,524,452
Jennifer Deleon,132,531,503,222,231,32,18,222,335,33
Marissa Wilson,136,458,317,64,226,11,10,70,434,309
Rachel Phelps,145,517,383,114,68,2,106,207,197,107
Matthew Smith,101,319,152,60,9,25,29,89,311,13
Peter Simmons,109,375,277,7,165,8,85,19,367,100
Brent Jones,110,577,110,16,47,32,9,22,434,432
Donald Shields,114,478,367,199,112,39,0,216,186,207
Kevin Bowers,126,486,333,328,4,1,0,328,98,10
Lonnie Richardson,131,581,173,123,7,24,7,135,8,46
Kaitlyn Colon,141,377,313,294,6,5,2,300,365,346
Katherine Christensen,125,429,275,266,6,3,0,266,9,283
Gloria Miller,151,579,208,105,17,71,11,109,268,13
Meredith Silva,150,519,371,235,9,55,69,238,340,81
Scott Ward,159,386,336,308,16,8,2,310,157,346
Brittany Arnold,153,375,124,31,48,20,5,51,57,15
Ronald Stewart,119,408,213,205,0,1,0,212,185,69
Michelle Greene,161,567,237,68,8,151,0,78,383,29
Bryan Ross,124,474,266,134,44,9,13,200,432,307
Matthew Green,128,469,233,203,14,16,0,203,188,347
Bryan Brown,125,454,106,75,24,3,0,79,84,313
Amanda Lopez,107,540,223,46,102,67,7,47,181,529
Marcus Larson,154,321,179,131,10,14,14,141,281,101
Eric Fitzgerald,101,323,195,2,93,66,19,17,216,155
Terrance Taylor,120,411,112,46,59,1,2,50,81,170
Luis Martinez,116,362,196,82,79,7,27,83,67,36
Kristen Howard,124,527,220,54,161,5,0,54,384,152
Eric Davis,135,364,193,174,19,0,0,174,343,105
Robert Nunez,142,539,413,186,36,80,16,281,199,327
Theresa Hawkins,108,597,515,27,162,35,206,112,264,591
Charles Holland,100,433,269,191,17,12,11,229,376,33
Michael Anderson,119,426,311,187,75,14,27,195,92,212
Sara Miller,137,491,418,179,6,203,30,179,156,235
Lisa Mckenzie,133,551,361,233,71,2,20,268,519,51
Miss Erica Hall,148,300,107,70,31,6,0,70,1,185
Michelle Malone,130,400,306,163,48,85,3,170,146,174
Kristen Hartman,107,540,475,4,365,94,12,4,439,225
Kelly Smith,149,464,390,258,128,3,0,259,413,13
Christopher King,132,328,113,79,12,16,3,82,232,231
Suzanne Gordon,119,567,311,277,34,0,0,277,183,311
Brooke Nelson,117,315,231,116,56,0,29,146,67,110
Caleb Blair,100,438,435,177,136,1,27,271,297,85
Adam Hampton,129,378,235,83,63,7,3,162,222,277
Matthew Brown,107,478,332,176,65,20,37,210,390,160
Shannon Fox,111,535,224,117,46,56,3,119,268,35
Ashley Cochran,140,581,166,44,55,54,1,56,493,134
Mary Castro,112,504,299,26,32,87,102,78,67,4
Diane Conner,106,363,260,24,70,36,80,74,43,40
Lauren Chavez,111,476,256,159,61,9,18,168,300,72
Melissa Martinez,106,571,139,0,101,24,1,13,124,471
Krystal Stevens,125,379,363,208,44,13,59,247,66,231
Scott Peters,158,470,340,272,19,24,12,285,81,19
Patrick Carney MD,116,423,106,74,21,5,2,78,120,291
Gwendolyn Martinez,107,507,408,287,1,35,44,328,478,307
Ariana Thompson,116,445,142,45,21,36,11,74,76,197
Mr. Kevin Chaney DDS,116,407,273,85,127,0,38,108,295,162
Dominique Simpson,161,345,232,88,76,46,6,104,240,86
Andrea Kim,131,419,351,298,41,8,2,300,17,286
Stacy Vazquez,145,429,105,41,47,0,8,50,139,17
Michael Morris,120,390,157,53,57,19,4,77,336,4
Richard Banks,134,511,265,153,7,31,34,193,100,273
Linda Gallagher,130,548,108,27,37,11,9,51,266,459
Charles Woods,117,585,190,54,25,110,0,55,440,293
Kyle Morrison,101,342,224,209,1,4,4,215,107,256
Elizabeth Marks,153,515,380,317,19,27,11,323,318,96
Dennis Patel,119,334,259,70,134,12,15,98,106,140
Jessica Price,151,380,147,23,69,37,8,33,173,173
Rachel Nunez,115,300,198,59,97,20,0,81,146,81
Dorothy Brown,153,349,153,62,83,2,2,66,335,232
Garrett Garcia,102,302,254,144,77,10,22,145,10,14
Timothy Short,100,396,333,42,83,105,61,84,164,306
Jennifer Hines,161,481,139,16,98,4,21,16,89,274
Daniel Johnson,150,368,339,23,103,23,58,155,273,359
Carol Shaw,141,522,247,16,146,47,1,53,453,357
Matthew Mitchell,144,471,399,357,38,2,1,358,373,246
Randy Mcdaniel,140,333,244,229,7,4,1,232,235,221
Nichole David,155,516,333,142,182,1,6,144,53,421
Robert Holloway,118,394,338,224,61,9,24,244,211,253
Andrea Kim,137,384,128,42,9,42,26,51,24,321
Stacey Clark,106,302,256,63,69,96,14,77,214,69
Nathaniel Alexander,144,389,254,61,150,27,9,68,252,77
Jason Compton,118,514,422,327,88,1,4,329,269,393
Robert Mays,112,510,258,245,0,10,0,248,260,479
Andrew Garcia,116,392,329,104,141,39,39,110,243,228
Miranda Brown,143,319,313,149,105,46,9,153,184,154
Anna West,143,451,354,237,39,29,9,277,342,264
Stephanie Ritter,103,369,162,158,0,2,2,158,245,27
Paul Gray,145,436,293,90,89,111,1,92,207,7
Stephanie Smith,113,587,434,371,60,0,0,374,103,256
Heather Perry DDS,139,380,300,20,184,2,15,99,19,86
Terri Jarvis,149,416,244,124,83,23,1,137,248,20
Megan Barr,136,571,256,179,11,51,4,190,158,540
Erin White,158,371,369,188,154,4,7,204,349,32
Daniel Smith,142,521,192,66,21,102,1,68,0,239
Eric Diaz MD,119,330,266,158,95,2,1,168,328,249
Lisa Green,135,446,372,184,149,7,24,192,112,329
Joseph Frederick,100,541,315,71,175,9,18,113,257,84
James Pope,110,309,127,82,10,32,3,82,42,280
Kevin Lopez,109,442,407,104,238,46,5,118,279,440
Aaron Duke,159,536,511,35,93,132,230,56,81,327
William Arnold,137,402,196,39,96,25,32,43,40,59
Joseph Smith,126,399,169,114,34,19,1,115,250,222
Paul Jenkins,104,396,161,8,89,49,7,16,29,250
Sara Kirby,131,598,108,47,16,32,7,53,353,434
Michael Hernandez MD,141,335,149,17,36,70,6,37,43,270
Diamond Brooks,107,389,342,211,32,76,22,212,25,264
Eric Roy,138,310,153,64,79,9,1,64,119,140
Benjamin Gonzalez,161,521,387,196,13,143,27,204,322,473
Joseph Stewart,158,484,186,0,140,9,4,33,409,253
Stephanie Taylor,157,432,274,131,44,81,17,132,297,39
Dr. Erika Kelly,156,424,377,294,3,36,1,337,373,317
Peter Grant,156,305,234,14,132,34,40,28,40,253
Lindsey Pham,134,594,242,59,51,86,8,97,380,464
Linda Allen,113,356,307,305,0,2,0,305,172,110
Jeanette Scott,144,439,168,103,28,18,19,103,338,40
James Scott,129,358,223,117,8,88,7,120,60,121
Marcus Pearson,108,515,467,392,16,49,10,392,187,205
Troy Bright,105,353,192,29,157,2,1,32,77,94
Michael Alvarado,151,346,190,174,15,0,1,174,37,118
David Smith,152,579,144,45,41,56,2,45,333,126
Angela Henry,143,420,310,274,2,25,5,278,352,309
Anna Myers,138,409,235,26,100,67,41,27,7,293
Mariah Williams,159,452,134,10,49,30,20,35,352,82
Louis Chung,130,454,264,164,43,2,44,175,62,51
Kathleen Wood,104,306,256,252,3,0,0,253,305,223
Jody Mejia,143,566,230,157,4,7,54,165,510,533
Donald Mullen,154,436,333,226,47,4,38,244,224,79
Paul Johnson,131,424,244,89,59,34,6,145,228,275
Joshua Spencer,126,439,432,192,205,35,0,192,292,129
Scott Patrick,103,335,217,150,63,3,0,151,185,195
Tyler Townsend MD,,,,,,,,,,
Cassandra Brock,,,,,,,,,,
Elizabeth Harris,,,,,,,,,,
James Edwards,,,,,,,,,,
Andrew Garcia,,,,,,,,,,
James Baker,,,,,,,,,,
Whitney Wallace,,,,,,,,,,
Nicholas Cook,144,365,114,31,10,25,3,76,138,350
Katie Gonzalez,154,535,297,247,30,20,0,247,312,140
Jennifer Villarreal,146,358,144,51,25,11,56,52,119,327
Danielle Bender,145,351,133,97,10,5,16,102,349,261
Jose Sweeney,111,557,156,0,108,9,15,24,498,116
Natalie Johnson,161,306,272,231,38,0,2,232,121,43
Mary Miller,114,502,414,151,89,156,8,161,171,57
Dominique Myers,128,353,249,198,28,23,0,198,264,230
Elizabeth Peters,129,434,254,188,25,8,27,194,208,260
Jill Powell,127,558,178,165,1,7,2,168,12,467
David Manning,158,514,224,40,176,8,0,40,344,436
Kelly White,111,537,343,246,46,21,5,271,358,491
Joseph Brewer,153,462,379,21,102,238,0,39,124,134
Laurie Luna,126,350,302,156,22,91,6,183,311,1
Robert Williams,111,552,245,236,6,1,0,238,33,311
Monica Carlson,148,594,579,154,280,19,112,168,339,390
Steven Williams,149,388,294,38,144,87,21,42,120,332
Eric Luna,147,388,232,42,22,29,91,90,373,307
Monica Zavala,119,421,284,254,1,13,16,254,210,257
Edward Thornton,156,490,339,302,25,2,5,307,378,27
Andrea Marquez,156,515,189,15,104,49,4,32,166,171
Jennifer Brown,100,485,222,220,2,0,0,220,263,134
Dr. Bryan English,139,387,118,70,40,2,1,75,173,256
Lynn Mejia,104,493,366,84,69,35,117,145,82,169
Katelyn Blackburn,143,485,372,346,22,2,2,346,122,274
Ashley Waters,124,369,230,111,60,4,21,145,288,35
Marcus Williams,150,342,224,96,117,0,7,100,295,64
Anna Miller,112,597,481,396,27,3,38,413,327,23
Christopher White,124,345,159,25,79,9,4,67,40,180
Stephen Dawson,150,411,309,135,151,18,1,139,409,323
Dr. Phillip May PhD,104,428,135,49,24,28,2,81,109,294
Joseph Williams,119,534,451,296,3,84,46,318,259,92
April Tucker,147,442,140,97,38,5,0,97,189,261
Bethany Morales,104,583,165,92,44,20,0,101,84,176
Kaylee Patel,162,512,166,127,3,4,27,132,272,396
Jacob Gallagher,147,404,388,274,90,10,3,285,185,44
Michael Ramos,100,490,450,162,163,10,37,240,233,457
Emily Payne,118,511,188,22,108,40,2,38,456,67
Laura Bowen,145,595,280,59,37,149,26,68,82,123
David Adams,134,590,394,70,293,8,16,77,157,91
Elizabeth Sherman,156,388,243,112,65,66,0,112,241,47
Wendy Knapp,112,569,399,114,242,31,9,117,415,119
Lori Hobbs,117,571,565,85,405,38,3,119,50,226
Michael Morgan,139,450,140,131,2,3,3,132,228,11
Brett Duncan,109,507,403,334,31,34,3,335,499,192
Larry Shah,142,377,343,270,53,6,4,280,191,324
James Taylor,106,524,382,95,155,123,0,104,47,129
Melissa Mclean,118,505,434,103,58,223,39,114,249,85
Krystal Sandoval,103,478,232,41,37,109,25,61,175,300
Tammy Green,161,305,147,80,2,57,1,87,228,295
Anna Fitzgerald,160,442,362,181,12,55,94,201,7,109
Caroline Walker,107,547,543,475,12,33,21,477,510,461
Lucas Fernandez,136,519,128,62,10,56,0,62,420,28
Frank Taylor,133,563,108,26,16,14,4,74,493,528
Alexandra Martinez,141,579,544,195,349,0,0,195,298,90
Neil Johnston,158,548,508,122,246,114,26,122,10,477
Margaret Morris,138,502,246,13,50,66,71,59,348,135
Thomas Calhoun,108,389,113,58,19,19,9,66,177,37
Colleen Murphy,152,382,165,137,2,19,7,137,193,245
Stephen Richard,154,437,207,165,25,1,4,177,407,69
Jason Williams,130,330,185,167,0,13,3,169,205,124
Kristy Miller,148,591,257,172,69,0,14,174,355,546
Tina Fischer,113,307,138,33,62,17,2,57,127,17
Jeff Hall,159,316,124,67,2,27,6,89,218,2
Angel Williams,115,302,117,97,12,4,0,101,181,141
Jeffery Silva II,117,373,127,8,44,31,10,42,159,373
William Carroll,138,524,182,82,86,1,8,87,140,238
Dana Carter,117,457,261,53,156,0,36,69,142,348
Eric Olson,140,370,203,125,37,3,8,155,146,142
Steven Dennis,110,581,557,58,413,6,16,122,375,267
Johnathan Knight,156,315,306,216,33,10,33,230,250,253
Bethany Stanton,129,419,339,300,5,4,11,319,100,358
Nichole Chambers,153,580,499,116,182,10,182,125,494,217
Patrick Wilson,119,446,122,104,8,3,1,110,198,140
Andrew Sanders,145,523,352,91,165,75,15,97,8,215
Christy Allen,149,468,220,117,79,2,3,136,121,311
Benjamin Davis,146,491,464,398,22,42,1,399,351,284
Henry Davis,156,327,166,32,110,2,13,41,187,245
Nicholas Ramos,127,415,119,7,25,45,42,7,320,375
Matthew Ballard,100,342,211,198,11,1,1,198,211,5
Heidi Hull,122,415,339,245,0,4,65,270,380,11
Nathan Dean,114,560,402,136,233,26,6,137,43,391
Dennis Murphy,135,544,302,284,16,2,0,284,460,314
Kathryn Craig,148,433,226,32,96,97,1,32,206,34
Jessica Benson,110,584,454,366,46,38,3,367,378,274
Amber Underwood,140,470,327,156,59,110,1,157,79,424
Brian Thomas,126,397,341,248,91,1,0,249,322,307
Diane Wilson,132,447,383,282,55,8,38,282,166,67
Kelly Burch,128,537,433,49,107,119,92,115,229,340
Henry Moreno,124,552,299,184,35,33,43,188,12,164
Alyssa Pierce,160,426,246,72,4,100,33,109,113,88
Rachel Bennett,157,537,234,221,4,2,0,228,89,476
Shelia Swanson,106,380,189,54,109,17,1,62,348,153
Vincent Whitaker,159,352,109,86,23,0,0,86,282,153
Laura Arnold,148,425,229,184,10,24,8,187,78,214
Deborah Gray,104,367,223,64,18,54,56,95,123,304
Donna Mason,151,387,327,324,2,1,0,324,228,53
Stephanie Hatfield,145,386,211,101,79,29,1,102,311,47
Amy Porter,158,349,226,0,108,76,30,12,244,231
Mary Smith,161,456,184,23,31,104,4,45,379,139
Sarah Benton,131,486,400,69,78,43,206,73,64,301
Donna Medina,129,442,198,171,12,11,0,175,254,73
Dawn Little,131,320,136,107,18,9,2,107,264,237
Ryan Cisneros,116,534,326,161,64,53,19,190,306,293
Joshua Bates,119,558,523,349,4,170,0,349,141,442
Ronald Morgan,103,570,147,80,63,4,0,80,0,354
John Dodson,141,478,382,143,164,70,3,145,44,225
Victoria Marshall,124,446,270,258,8,3,1,258,33,412
Kimberly Richardson,156,568,163,92,38,25,4,96,216,497
Brandon Thomas,131,380,222,221,0,0,0,222,258,316
April Brown,121,325,230,200,12,0,9,209,165,33
Terry Garza,145,562,507,462,0,2,26,479,535,236
Matthew Benson,125,503,241,86,86,69,0,86,421,180
Amy Oliver,139,442,202,148,16,33,1,152,2,416
Lisa Maldonado,122,442,424,315,106,1,0,317,69,342
Austin Olson,143,412,278,132,73,46,10,149,173,113
Andrew Harper,117,328,315,77,128,26,37,124,308,91
Elizabeth Rogers,140,437,349,253,83,8,3,255,347,169
Evelyn Miller,128,420,145,4,9,63,62,11,311,144
Shannon Reed,136,578,353,254,41,26,21,265,528,162
Chris Lopez,137,445,386,342,5,34,3,344,409,400
Steven Mcmillan,103,525,252,92,5,12,75,160,121,155
Christina Jones,102,382,294,56,194,1,32,67,19,243
John Glenn,156,420,251,195,51,3,1,196,48,180
Morgan Cannon,153,321,194,82,46,64,0,84,164,164
Phillip Hamilton,129,379,337,333,4,0,0,333,332,333
Rhonda Richardson,156,359,170,8,64,88,0,18,330,351
Nancy Davis,100,477,328,88,139,63,28,98,381,22
Amy Walker,134,353,120,109,11,0,0,109,38,305
Patrick Ortega,119,349,132,97,8,0,3,121,83,334
Jason Shah,118,550,172,18,92,41,3,36,29,438
Leonard Durham,137,544,196,114,52,11,11,122,307,464
Megan Brown,121,506,231,156,23,18,2,188,407,130
Joseph Holder,121,497,486,71,332,12,56,86,208,222
Marc Shaw,124,399,217,68,101,5,42,69,251,286
Michele Cruz,132,412,368,314,27,3,19,319,383,382
Joshua Moore,140,445,338,261,15,34,22,267,33,161
Rebecca Barr,158,385,166,83,48,18,1,99,293,285
Lisa Torres,154,439,148,49,86,13,0,49,265,322
Keith Lawson,150,482,413,284,123,1,3,286,426,26
Doris Howard,112,596,589,256,44,273,16,256,85,344
John Anderson,112,516,154,66,62,23,3,66,496,90
Courtney Garrison,122,598,563,147,65,142,195,161,500,258
Taylor Bishop,149,586,210,115,85,7,2,116,130,427
Deborah Harrell,138,521,225,14,108,93,1,23,197,98
Jon Vaughn,119,360,244,184,16,6,1,221,169,268
Jason Garcia,101,441,100,37,22,12,17,49,367,214
Beth Morgan,120,502,127,69,1,24,33,69,469,431
Lori Frazier,132,407,316,126,176,13,0,127,393,58
Ryan Sloan,110,471,332,89,140,58,27,107,62,41
Patricia Fitzgerald,102,385,262,251,6,5,0,251,50,28
James Dixon,137,472,163,86,48,14,3,98,444,467
Dana Hill,160,525,148,103,33,0,9,106,516,65
Steven Larson,141,523,205,201,2,1,1,201,242,276
Donna Roberson,153,430,102,48,24,0,27,51,128,244
Stephanie Bradford,129,500,114,38,24,29,18,43,118,432
Debra Morton,148,319,124,51,40,14,6,64,319,23
Krista Fields,138,321,191,191,0,0,0,191,268,248
Brittney Stone,134,443,206,60,80,27,28,71,193,410
Mr. Douglas Cooley,148,369,165,135,3,23,3,136,120,271
Corey Wells,127,303,205,116,86,2,1,116,38,43
Cynthia Wells,119,569,208,74,73,32,11,92,98,81
George Morton Jr.,108,497,341,316,17,2,2,320,28,175
Nicholas Smith,114,494,170,122,22,18,0,130,313,222
Whitney Adams,106,514,302,9,70,143,76,13,76,337
Patrick Farley,147,553,344,265,0,64,9,271,490,209
Valerie Johnson,143,450,274,252,11,5,3,255,382,395
Anna Wood,100,595,547,540,2,4,0,541,140,161
Kathleen Gibbs,145,399,101,25,12,27,1,61,233,357
Joshua Boone,162,366,334,51,243,33,1,57,204,45
Robert Hays MD,145,324,227,188,15,20,2,190,212,140
Thomas Tran,101,528,142,125,7,9,1,125,274,364
Katherine Warren,151,392,167,45,8,101,12,46,172,285
Dr. Jamie Brown,153,523,320,275,28,3,12,277,158,121
Richard Mitchell,110,405,271,153,12,102,4,153,344,128
Dean Holmes,135,350,205,85,1,9,12,183,111,127
Diane Coffey,102,573,571,18,85,372,44,70,372,72
Susan Hicks,151,353,139,90,16,30,1,92,128,31
Kimberly Lopez,149,464,367,185,118,28,14,207,11,86
Todd Goodwin,132,345,192,82,21,51,10,110,73,308
Amy King,122,572,287,145,48,74,13,152,106,150
Jesus Thompson,151,301,109,78,15,16,0,78,29,224
Kelsey Hunter,122,393,236,136,67,29,0,140,307,301
Andrew Brown,113,465,117,65,38,1,11,67,71,210
Tami Wilkerson,149,393,345,57,76,47,122,100,148,198
Rebecca Erickson,145,504,383,200,109,74,0,200,121,9
Matthew Jackson,122,477,339,135,193,2,3,141,185,106
Pamela Simmons,108,408,405,24,320,51,6,28,91,139
Jason Gibson,106,444,188,12,153,6,16,13,174,381
Sarah Johnson,122,545,111,73,14,3,15,79,117,18
Matthew Chavez,102,373,348,67,110,2,160,76,12,233
Mr. Nathaniel Thomas,102,320,206,38,86,15,6,99,109,131
Kathryn Nelson,145,528,173,165,3,0,2,168,110,289
Daniel Mckee,138,544,507,399,101,7,0,399,283,165
Daniel Gonzales,108,310,277,172,4,92,7,174,22,163
John Pierce,152,501,437,183,74,24,142,197,443,114
Stephen Gibson,120,407,377,333,25,4,3,345,177,284
Jennifer Tran,139,377,112,15,29,41,0,42,353,237
Ashley Rogers,113,303,191,67,92,17,0,82,233,209
Kristen Larson,115,339,302,31,59,106,91,46,119,308
Jessica Black,124,435,121,84,13,5,3,100,27,194
Larry Barnes,152,306,132,62,67,2,1,62,253,246
Richard Pierce,112,438,110,74,22,9,4,75,364,32
Meredith Rogers,128,507,283,84,43,86,49,105,491,149
Gary Webb,156,445,264,121,128,14,1,121,2,56
Abigail Peterson,105,466,440,7,328,41,49,22,270,383
Dustin Andersen,157,462,390,245,118,8,17,247,448,365
Shelly Garcia,144,418,231,51,79,94,5,53,230,289
Amber Gibson,148,444,161,25,17,112,0,32,414,12
Lisa Powers,110,432,207,66,69,29,17,92,164,289
Justin Patel,151,414,127,39,46,37,5,39,191,192
John Foley,141,350,159,29,102,11,5,41,59,223
Brendan Wallace,155,385,316,260,3,4,35,274,4,297
Christina Gonzalez MD,119,550,248,221,25,0,1,222,388,324
Kristen Nguyen,123,466,297,31,209,46,10,32,309,260
Christopher Coleman,120,380,132,37,74,20,1,37,138,337
Valerie Morrison,138,343,156,42,65,49,0,42,222,15
Angel Herman,100,600,431,122,68,151,65,147,20,593
Brandy Francis,143,518,441,169,35,154,71,181,48,444
David Dunn,125,486,177,146,20,3,2,152,114,194
Vincent Harrison,125,322,162,18,37,77,21,27,149,185
Kristin Hickman,143,466,437,162,2,161,38,236,104,156
Mrs. Michelle Perez MD,108,506,408,393,8,5,0,395,300,75
Brandon Thompson,102,394,371,357,4,3,2,362,49,384
Rebecca Savage,102,443,158,155,0,1,1,156,75,298
Alexa Ayala,161,405,294,219,2,7,41,244,266,404
Kelly Daniel,157,383,325,307,16,0,1,308,61,346
Eugene Simon,151,561,130,99,16,8,2,104,34,172
Thomas Warner,131,333,193,22,2,84,67,40,161,221
Dustin Romero,115,443,302,147,103,36,16,147,16,46
Carrie Fuentes,157,560,462,39,297,13,60,92,180,97
Joseph Moran,137,302,179,130,43,5,1,130,58,92
Laurie Williams,117,311,137,64,7,48,9,73,77,267
Janet Hughes,156,554,359,219,82,51,1,225,440,187
Michael Benson,121,334,223,46,51,16,97,59,99,267
Jill Turner,161,409,236,107,112,16,1,107,362,118
Donna Watkins,152,583,356,231,93,32,0,231,487,35
Jessica Nelson,141,464,352,6,128,91,110,23,450,279
April Stafford,128,379,137,137,0,0,0,137,104,178
Lindsay Andrews,119,444,206,24,13,164,5,24,378,357
Terry Meyers,136,320,230,158,11,2,38,179,257,36
John Henry,155,436,351,0,218,3,130,0,366,414
John Miller,105,357,262,19,94,7,58,103,269,90
Mark Yang,114,393,108,71,23,5,6,74,316,302
Robert Hunt,159,423,203,201,0,0,1,202,97,283
Michael Oliver,158,309,118,112,3,3,0,112,34,9
Daniel Steele,132,451,168,108,36,17,0,115,207,48
David Mills,145,312,298,138,129,17,12,140,28,144
Tyler Shaw,109,536,391,385,6,0,0,385,250,114
Christopher Scott,120,479,137,127,7,0,1,129,243,34
Molly Hogan,153,376,285,175,109,1,0,175,56,143
Daniel Morgan,131,520,450,312,127,7,2,314,151,167
Zachary Robinson,119,402,103,21,0,42,28,33,50,358
Taylor Hoover,134,510,468,218,190,34,17,227,406,136
Russell Mendez,104,501,287,150,43,48,18,178,38,133
Brian Peters,117,574,255,118,81,4,33,137,267,505
Kelly Casey,121,533,496,19,396,34,43,23,327,121
Shirley Dalton,142,570,430,254,82,85,1,262,340,70
Diane Brown,105,595,168,138,26,1,3,138,400,488
Melissa Boyer,100,336,312,213,0,43,36,233,177,96
Todd Murray,100,557,544,308,23,139,63,319,55,80
Karen Pace,139,414,158,80,22,22,11,103,212,307
James Mcconnell,158,411,297,138,70,50,31,146,41,190
Andrew Spears,158,503,431,71,87,46,54,244,29,76
Christine Tucker,138,432,319,248,31,8,11,269,227,372
Stephanie Miller,128,483,385,157,111,77,5,192,416,364
James Mcmillan,137,543,210,67,37,0,80,93,206,151
Peter Wagner,134,402,369,63,210,35,27,97,294,125
Michael Zamora,151,352,352,143,7,151,25,169,150,171
Jeffrey Bailey,123,363,342,91,57,177,15,93,110,145
Elizabeth Thompson,100,414,155,87,34,2,28,91,73,59
Julie Watts,136,441,292,39,136,30,24,102,150,49
Samantha Huff,136,404,350,347,0,3,0,347,261,253
Peggy Morgan,126,371,255,213,16,17,9,213,128,98
Joe Edwards,150,514,264,184,10,15,11,228,295,38
Michael Hunt,128,596,399,178,22,49,70,258,397,504
Teresa Adams,154,501,118,44,53,17,3,45,89,261
Shawna Christensen,161,431,431,399,27,2,2,400,169,132
Jane Smith,157,305,204,72,10,98,15,81,219,259
Joshua Livingston,144,476,206,161,42,0,2,162,9,93
Daniel Armstrong,115,365,209,62,28,90,15,76,240,111
Ashley Holder,161,410,190,61,11,14,30,135,164,118
Rebecca Miller,120,456,175,17,128,27,3,17,61,330
Nicholas Hamilton,145,506,437,429,2,6,0,429,458,258
Samantha Burns,148,597,263,221,34,7,1,221,38,194
Kylie Jackson,145,355,286,144,88,11,25,162,336,10
Matthew Smith,123,529,339,236,87,11,3,238,157,500
Amy Payne,114,315,127,115,10,0,0,117,125,104
Nathan Morales,111,494,150,7,64,1,21,64,242,372
Jennifer Thomas,103,543,418,364,43,9,0,366,354,517
Timothy Benson,142,385,335,52,0,217,0,118,309,121
Cody Kennedy,114,381,170,73,31,40,7,92,352,343
Jessica Owens,146,439,141,12,81,27,14,19,271,13
Alexander Murray,125,327,216,34,69,81,14,52,320,218
Sheila Brown,121,479,348,325,4,0,4,340,340,224
Theresa Mitchell,127,523,164,90,59,4,7,94,387,292
Jeffrey Hartman,116,360,192,41,135,13,0,44,211,88
Jordan Goodman,110,324,170,45,16,109,0,45,87,51
Amanda Bailey,107,332,233,98,42,74,1,116,126,246
Elizabeth Long,110,314,257,108,93,20,12,132,295,38
Jessica Lyons,109,359,268,81,24,1,156,87,127,183
Scott Archer,135,332,132,95,6,23,8,95,254,149
Kevin Bennett,161,336,152,150,1,0,0,151,23,136
Kayla Walker,104,579,216,186,17,7,2,190,119,285
Shawn Huffman,103,555,310,4,116,133,57,4,323,529
Brent Snyder,139,422,164,75,4,43,13,104,401,272
Scott Morton,106,386,237,57,7,50,20,160,240,57
Erin Martinez,157,592,193,71,38,28,13,114,229,52
Jennifer Sanchez,147,456,175,45,22,58,23,72,34,207
Sherry Sanchez,133,315,250,213,8,3,5,234,242,189
Luis Parker,105,364,124,80,5,1,11,107,267,88
Gina Mercado,151,336,163,73,71,17,2,73,153,250
Amber Aguirre,125,434,311,270,6,5,16,284,225,116
Debra Lopez,102,402,213,76,26,21,77,89,305,116
Jennifer Diaz,142,391,213,163,4,3,1,205,70,183
Jason Riddle,153,413,260,181,36,29,7,188,347,24
Thomas Lynch,114,465,307,209,17,57,2,231,437,291
Peter Gross,109,497,303,5,29,227,16,31,144,395
Rachel Ward,162,518,387,373,9,4,1,373,315,39
Ashley Morales,102,436,161,87,31,26,2,102,312,58
Catherine Roman,111,394,316,116,176,15,5,120,350,147
Eric Carter,129,599,439,410,21,8,0,410,111,121
Austin Simmons,161,565,217,172,45,0,0,172,516,246
Amanda Vega,154,416,155,23,63,20,10,62,127,317
Alexander Smith,131,411,267,27,54,13,17,183,283,280
Aaron Jones,102,518,223,219,0,3,0,220,316,22
Emily Day,105,400,306,237,62,7,0,237,308,47
Brandy Ware,139,490,286,138,20,37,17,212,316,305
Jack Hatfield,113,513,351,243,32,26,31,262,203,120
Tyler Cooper,122,448,214,32,90,21,39,64,39,116
Adam Watson,133,439,328,158,83,31,30,184,3,6
Traci Howell,114,365,183,61,45,63,2,73,310,275
Annette Wood,124,536,114,73,1,37,0,76,503,261
Michaela Olson,158,581,373,131,154,30,9,180,504,195
Justin Jackson,107,573,425,382,20,15,1,389,119,217
Lindsay White,115,526,314,123,121,60,2,131,388,462
Joseph Rodriguez,104,353,207,141,48,3,5,151,265,2
Shelly Wilson,110,480,199,174,4,13,7,175,408,219
Carolyn Shepherd,105,435,303,16,165,92,13,33,65,106
Kevin Wilson,162,363,111,28,44,22,17,28,301,276
Robert Middleton,127,383,192,38,151,2,0,39,314,177
Rachel Miller,149,578,129,120,0,6,1,122,137,256
Adrienne Thompson,124,430,375,185,160,9,3,203,82,261
Patricia Jordan,145,527,313,8,132,153,18,10,293,192
Spencer Turner,157,439,124,121,0,3,0,121,142,367
Shelley Sullivan,129,463,201,109,55,10,15,121,405,204
Kiara Morales,111,454,266,196,69,1,0,196,378,302
Jamie Coleman,123,331,283,56,54,104,33,92,107,67
Tammy Hensley,123,577,244,14,118,48,55,23,34,13
Jodi Williams,124,383,143,138,1,4,0,138,281,255
Kayla Spears,113,524,350,303,41,5,1,303,413,523
Deborah Bradley,119,317,229,3,63,47,19,100,161,296
Brian Stein,130,303,144,14,81,26,1,36,69,200
Shawn Gilmore,110,347,176,12,25,27,26,98,319,317
Tammy Gonzalez,108,546,296,30,30,222,12,32,375,119
Julie Garrett,162,484,358,325,21,0,8,329,161,285
Darin Lawrence,152,497,120,83,37,0,0,83,198,228
Jacqueline Nguyen,124,379,373,185,97,83,1,192,125,1
Danielle Zuniga,136,450,447,21,116,24,117,190,327,45
Emily Rice,113,304,304,277,3,18,4,279,46,20
Justin Nixon,158,438,293,237,44,4,0,245,427,235
Richard Guerra,159,463,297,100,33,77,54,133,324,376
Ivan Lucero,135,557,235,211,5,13,6,211,202,531
Paul Cooper,118,326,236,18,136,67,9,24,41,234
Matthew Bell,160,554,143,73,33,25,10,75,31,73
Shannon Cabrera,108,598,298,159,64,35,24,175,216,5
Jeffrey Cunningham,140,568,118,32,51,24,10,33,22,540
Melissa Barnes,154,353,324,143,70,89,1,164,135,84
Joshua Hanna,135,423,396,182,25,154,16,201,368,381
Anna Moran,130,391,358,347,0,9,1,348,93,168
Steven Hudson,144,335,178,159,13,2,3,160,240,57
Nathaniel Wright,101,428,409,145,156,101,6,146,81,2
Gregory Stewart,107,305,271,176,85,5,1,180,202,258
Kathleen Hale,120,343,206,108,93,2,1,110,80,282
Wayne Adams,130,538,520,106,342,56,16,106,257,402
Morgan King,117,357,247,222,3,1,0,243,109,111
Tracy Caldwell,148,564,150,39,79,21,7,43,401,56
Jennifer Mathews,138,520,212,194,11,4,2,195,460,2
David Thompson,128,577,233,6,224,2,0,7,449,259
Jessica Olson,132,564,133,108,0,0,12,121,175,450
Jeffrey Brown,162,530,492,79,317,2,13,160,502,112
Christopher Rubio,127,404,168,141,1,21,0,146,195,182
Jessica Le,146,582,154,11,129,10,0,15,306,377
Benjamin Rivera,112,314,309,20,252,32,4,21,224,72
Norma Cox,146,342,102,26,46,10,0,46,55,54
Susan Tran,106,500,405,249,9,37,23,336,257,236
Rhonda Daniel,112,494,271,130,96,28,11,136,372,349
Frank Anderson,121,327,316,171,132,11,2,171,190,0